{"cameraMode":{"drawMode":0,"name":"Shaded","section":"Shading Mode"},"sceneLighting":false,"audioPlay":false,"sceneViewState":{"m_AlwaysRefresh":false,"showFog":true,"showSkybox":false,"showFlares":true,"showImageEffects":true,"showParticleSystems":true,"showVisualEffectGraphs":true,"m_FxEnabled":true},"in2DMode":false,"pivot":{"x":0.7583177089691162,"y":0.438603013753891,"z":-1.1119412183761597},"rotation":{"x":-0.15176284313201905,"y":0.1740272343158722,"z":-0.027125520631670953,"w":-0.9725721478462219},"size":0.8660253882408142,"orthographic":false}