{"cameraMode":{"drawMode":0,"name":"Shaded","section":"Shading Mode"},"sceneLighting":true,"audioPlay":false,"sceneViewState":{"m_AlwaysRefresh":false,"showFog":true,"showSkybox":true,"showFlares":true,"showImageEffects":true,"showParticleSystems":true,"showVisualEffectGraphs":true,"m_FxEnabled":true},"in2DMode":false,"pivot":{"x":519.0310668945313,"y":507.2325134277344,"z":490.56768798828127},"rotation":{"x":-0.0020637826528400184,"y":0.8916276693344116,"z":0.002994862850755453,"w":0.4525195360183716},"size":13.552492141723633,"orthographic":false}