{"cameraMode":{"drawMode":0,"name":"Shaded","section":"Shading Mode"},"sceneLighting":false,"audioPlay":false,"sceneViewState":{"m_AlwaysRefresh":false,"showFog":true,"showSkybox":false,"showFlares":true,"showImageEffects":true,"showParticleSystems":true,"showVisualEffectGraphs":true,"m_FxEnabled":true},"in2DMode":false,"pivot":{"x":1004.0784912109375,"y":3.5585293769836427,"z":987.5828857421875},"rotation":{"x":0.0023158215917646887,"y":-0.9876238107681274,"z":0.15585198998451234,"w":0.013834726065397263},"size":0.21650634706020356,"orthographic":false}