{"cameraMode":{"drawMode":0,"name":"Shaded","section":"Shading Mode"},"sceneLighting":true,"audioPlay":false,"sceneViewState":{"m_AlwaysRefresh":false,"showFog":true,"showSkybox":false,"showFlares":true,"showImageEffects":true,"showParticleSystems":true,"showVisualEffectGraphs":true,"m_FxEnabled":true},"in2DMode":false,"pivot":{"x":502.3647766113281,"y":502.11737060546877,"z":497.8306884765625},"rotation":{"x":0.13790471851825715,"y":0.07659569382667542,"z":0.010904093272984028,"w":-0.9873700737953186},"size":13.047987937927246,"orthographic":false}